Job Title,First Name,Last Name,Personal Email Address,Company Email Address,Phone Number,LinkedIn,Website,Company Name,Street No and Name,Address Suburb,Address Postcode,Postal Address,Postal Suburb,Postal PostCode,Country
,,,,,,,,,,,,,,,Australia
,,,,,+61280211082,,,McMahons Point Grocer,2/182-186 Blues Point Rd,McMahons Point,2060,2/182-186 Blues Point Rd,McMahons Point,2060,Australia
,,,,customerservice@friendlygrocerwaverton.com,+61299552827,,http://www.friendlygrocerwaverton.com/,Waverton Friendly Grocer,26/102 Bay Rd,Waverton,2060,26/102 Bay Rd,Waverton,2060,Australia
,,,,,,,,JJ SuperMarket Inc.,92 Bay Rd,Waverton,2060,92 Bay Rd,Waverton,2060,Australia
,,,,,,,,Artisans Market,2 Balls Head Dr,Waverton,2060,2 Balls Head Dr,Waverton,2060,Australia
,,,,webmaster@spartanhealthfoods.com.au,+61407115966,,https://www.spartanhealthfoods.com.au/about-us/,Spartan Health Foods PTY Limited,102 Bay Rd,Waverton,2060,102 Bay Rd,Waverton,2060,Australia
,,,,,+61413035237,,http://www.acupuncturenest.com.au/,Acupuncture Nest,Shop 9/102 Bay Rd,Waverton,2060,Shop 9/102 Bay Rd,Waverton,2060,Australia
,,,,,+61299084599,,,Yash Indian Spice 'N' Delights,shop 11/7-17 Waters Rd,Neutral Bay,2089,shop 11/7-17 Waters Rd,Neutral Bay,2089,Australia
,,,,,+61299297276,,,Fastway Super Market,2/40 Miller St,North Sydney,2060,2/40 Miller St,North Sydney,2060,Australia
,,,,,,,,Berry Street Minimart,"corner of little spring street and, Berry St",North Sydney,2060,"corner of little spring street and, Berry St",North Sydney,2060,Australia
,,,,,+61272074067,,https://www.iga.com.au/?utm_source=google&utm_medium=organic&utm_campaign=Google+My+Business&utm_content=IGA+Local+Grocer+North+Sydney&utm_term=plcid_15330045783489557936,IGA Local Grocer North Sydney,231 Miller St,North Sydney,2060,231 Miller St,North Sydney,2060,Australia
Staff Product Designer,Frank,Bach,frank@instagram.com,,+61410050477,http://www.linkedin.com/in/francoisbach,https://www.instagram.com/gdaygroceryneutralbay/,G’day Grocery,shop 2/178 Military Rd,Neutral Bay,2089,shop 2/178 Military Rd,Neutral Bay,2089,Australia
,,,,,+61291572091,,http://www.cammeraysquare.com.au/,Cammeray Square,Corner Miller St & Amherst St,Cammeray,2062,Corner Miller St & Amherst St,Cammeray,2062,Australia
,,,,enmore@tasteorganic.com.au,+61280650628,,http://www.tasteorganic.com.au/,Taste Organic Cammeray,520 Miller St,Cammeray,2062,520 Miller St,Cammeray,2062,Australia
,,,,Info.jizakana@mkrgroups.com.au,+61426233113,,https://www.jizakana.com.au/,Jizakana,16/450 Miller St,Cammeray,2062,16/450 Miller St,Cammeray,2062,Australia
