Job Title,First Name,Last Name,Personal Email Address,Company Email Address,Phone Number,LinkedIn,Website,Company Name,Street No and Name,Address Suburb,Address Postcode,Postal Address,Postal Suburb,Postal PostCode,Country
,,,,,,,,,,,,,,,Australia
,,,,,+61280211082,,,McMahons Point Grocer,2/182-186 Blues Point Rd,McMahons Point,2060,2/182-186 Blues Point Rd,McMahons Point,2060,Australia
,,,,,,,,,,,,,,,Australia
,,,,,+61291355419,,https://milsonspoint.qefoodstores.com.au/,"QE Foodstores Milsons Point, Australia",88 Alfred St S,Milsons Point,2061,88 Alfred St S,Milsons Point,2061,Australia
,,,,,+61290631190,,http://www.supamartonline.com.au/,Supamart Online,287/305 Military Rd,Cremorne,2090,287/305 Military Rd,Cremorne,2090,Australia
,,,,,+61299084599,,,Yash Indian Spice 'N' Delights,shop 11/7-17 Waters Rd,Neutral Bay,2089,shop 11/7-17 Waters Rd,Neutral Bay,2089,Australia
,,,,,+61294132200,,https://www.facebook.com/luckymart.artarmon/,Lucky Mart Japanese Grocery,2 Wilkes Ave,Artarmon,2064,2 Wilkes Ave,Artarmon,2064,Australia
,,,,,+61470325294,,http://www.graceonline.au/,Grace Indian Nepali Grocery Supermarket,120 Hampden Rd,Artarmon,2064,120 Hampden Rd,Artarmon,2064,Australia
,,,,,+61272057303,,,Centro Grocer Artarmon,66 Hampden Rd,Artarmon,2064,66 Hampden Rd,Artarmon,2064,Australia
,,,,,+61280777971,,,Aashirwad Grocery Sydney,2/124 Hampden Rd,Artarmon,2064,2/124 Hampden Rd,Artarmon,2064,Australia
,,,,enmore@tasteorganic.com.au,+61280650628,,http://www.tasteorganic.com.au/,Taste Organic Cammeray,520 Miller St,Cammeray,2062,520 Miller St,Cammeray,2062,Australia
,,,,,+61291572091,,http://www.cammeraysquare.com.au/,Cammeray Square,Corner Miller St & Amherst St,Cammeray,2062,Corner Miller St & Amherst St,Cammeray,2062,Australia
,,,,careers@mycar.com.au,+61292128904,,https://www.mycar.com.au/stores/nsw/ce-cammeray?utm_source=google-business-profile&utm_medium=organic&utm_campaign=gbp-website&utm_content=ce-cammeray,mycar Tyre & Auto CE Cammeray,"Palmer Street, 481 Miller St",Cammeray,2062,"Palmer Street, 481 Miller St",Cammeray,2062,Australia
,,,,,+61410050477,,https://www.instagram.com/gdaygroceryneutralbay/,G’day Grocery,shop 2/178 Military Rd,Neutral Bay,2089,shop 2/178 Military Rd,Neutral Bay,2089,Australia
,,,,,,,,Berry Street Minimart,"corner of little spring street and, Berry St",North Sydney,2060,"corner of little spring street and, Berry St",North Sydney,2060,Australia
,,,,,+61299297276,,,Fastway Super Market,2/40 Miller St,North Sydney,2060,2/40 Miller St,North Sydney,2060,Australia
,,,,,,,,Artisans Market,2 Balls Head Dr,Waverton,2060,2 Balls Head Dr,Waverton,2060,Australia
,,,,customerservice@friendlygrocerwaverton.com,+61299552827,,http://www.friendlygrocerwaverton.com/,Waverton Friendly Grocer,26/102 Bay Rd,Waverton,2060,26/102 Bay Rd,Waverton,2060,Australia
,,,,,+61413035237,,http://www.acupuncturenest.com.au/,Acupuncture Nest,Shop 9/102 Bay Rd,Waverton,2060,Shop 9/102 Bay Rd,Waverton,2060,Australia
